<customapi uniquename="new_getmarketingpermissions">
  <allowedcustomprocessingsteptype>0</allowedcustomprocessingsteptype>
  <bindingtype>0</bindingtype>
  <description default="Get Marketing Permissions">
    <label description="Get Marketing Permissions" languagecode="1033" />
  </description>
  <displayname default="Get Marketing Permissions">
    <label description="Get Marketing Permissions" languagecode="1033" />
  </displayname>
  <iscustomizable>1</iscustomizable>
  <isfunction>1</isfunction>
  <isprivate>0</isprivate>
  <name>new_getmarketingpermissions</name>
  <plugintypeid>
    <plugintypeid>289f8b06-adb2-4cdb-b2d3-8361ff21fa8f</plugintypeid>
  </plugintypeid>
  <workflowsdkstepenabled>0</workflowsdkstepenabled>
</customapi>