<customapi uniquename="new_setmarketingpermisssions">
  <allowedcustomprocessingsteptype>0</allowedcustomprocessingsteptype>
  <bindingtype>0</bindingtype>
  <description default="Set Marketing Permissions">
    <label description="Set Marketing Permissions" languagecode="1033" />
  </description>
  <displayname default="Set Marketing Permissions">
    <label description="Set Marketing Permissions" languagecode="1033" />
  </displayname>
  <iscustomizable>1</iscustomizable>
  <isfunction>0</isfunction>
  <isprivate>0</isprivate>
  <name>new_setmarketingpermisssions</name>
  <plugintypeid>
    <plugintypeid>bd4d66d9-12a5-484a-b6e6-f073c6e498cb</plugintypeid>
  </plugintypeid>
  <workflowsdkstepenabled>0</workflowsdkstepenabled>
</customapi>